MOCK_DATA.csvid,first_name,last_name,email,gender,ip_address
1,Murdock,Rowlson,mrowlson0@wunderground.com,Male,127.18.225.39
2,Carlynn,Starmont,cstarmont1@wordpress.org,Female,5.161.110.186
3,Winn,Rockcliffe,wrockcliffe2@who.int,Male,188.170.135.225
4,Shana,Maudling,smaudling3@mtv.com,Female,149.215.159.48
5,Leland,Gossington,lgossington4@fda.gov,Female,158.171.68.43
6,Robinetta,Garlett,rgarlett5@prweb.com,Female,88.73.179.144
7,Bertina,Reimers,breimers6@mapy.cz,Female,69.8.126.93
8,Efrem,Antuk,eantuk7@1688.com,Male,139.74.133.198
9,Missie,Raggles,mraggles8@cpanel.net,Female,52.160.24.11
10,Elisa,Burbudge,eburbudge9@shutterfly.com,Female,67.11.80.214
11,Caren,Glide,cglidea@creativecommons.org,Female,196.16.38.39
12,Sydney,Paur,spaurb@furl.net,Male,128.203.153.47
13,Sibeal,McTear,smctearc@va.gov,Female,239.101.245.242
14,Esmaria,Keneleyside,ekeneleysided@telegraph.co.uk,Female,166.146.101.159
15,Glyn,Dautry,gdautrye@yahoo.com,Male,228.207.58.45
16,Olivie,Bortoluzzi,obortoluzzif@jalbum.net,Female,234.239.166.80
17,Thedric,Wife,twifeg@google.it,Male,163.43.73.208
18,Merridie,Morrell,mmorrellh@mapquest.com,Female,199.161.100.67
19,Barnard,Getch,bgetchi@psu.edu,Male,32.11.36.61
20,Georgiana,Heaviside,gheavisidej@opensource.org,Female,126.240.113.224
21,Dirk,Loftus,dloftusk@xing.com,Male,103.145.22.149
22,Tan,Mariel,tmariell@ameblo.jp,Male,1.84.141.118
23,Gaven,Ruslen,gruslenm@reference.com,Male,106.84.52.116
24,Lucais,Ashwin,lashwinn@trellian.com,Male,82.71.75.37
25,Johannes,Beetles,jbeetleso@reverbnation.com,Male,243.91.199.168
26,Mohandis,Flips,mflipsp@time.com,Male,210.125.212.250
27,Calypso,Aslum,caslumq@cmu.edu,Female,28.12.89.25
28,Corey,Slaney,cslaneyr@yellowpages.com,Male,73.34.139.82
29,Arly,Wealleans,awealleanss@sfgate.com,Female,24.39.12.93
30,Cedric,Hilhouse,chilhouset@ft.com,Male,188.18.64.253
31,Abbie,Bamford,abamfordu@symantec.com,Male,162.58.130.180
32,Jarred,Soulsby,jsoulsbyv@goo.ne.jp,Male,19.69.4.173
33,Trstram,Blench,tblenchw@storify.com,Male,57.198.238.136
34,Rosalie,Silversmid,rsilversmidx@tripod.com,Female,210.24.222.252
35,Marla,O'Hagirtie,mohagirtiey@netlog.com,Female,189.127.147.43
36,Marylinda,Moncur,mmoncurz@flickr.com,Female,193.154.18.111
37,Fanya,Bigly,fbigly10@samsung.com,Female,207.246.120.209
38,Gayler,Caine,gcaine11@google.com.hk,Male,122.172.138.178
39,Milissent,Ruggiero,mruggiero12@wordpress.org,Female,75.49.10.78
40,Ellie,Willder,ewillder13@answers.com,Female,167.137.25.119
41,Cathleen,Traite,ctraite14@time.com,Female,49.211.225.77
42,Nettle,Gutierrez,ngutierrez15@csmonitor.com,Female,58.113.65.0
43,Hughie,McLaren,hmclaren16@deviantart.com,Male,91.246.9.142
44,Xylina,Crowley,xcrowley17@vinaora.com,Female,124.27.207.30
45,Eugen,Darbon,edarbon18@parallels.com,Male,107.173.102.77
46,Zechariah,Nutty,znutty19@vimeo.com,Male,45.143.58.185
47,Noami,Lorans,nlorans1a@yellowbook.com,Female,198.164.140.188
48,Valaree,Marconi,vmarconi1b@squidoo.com,Female,95.84.44.88
49,Glynis,Lount,glount1c@cloudflare.com,Female,103.109.174.138
50,Auberon,Beaves,abeaves1d@gravatar.com,Male,116.200.10.217
51,Barde,Croxley,bcroxley1e@amazon.co.uk,Male,96.234.17.215
52,Suzanne,Valett,svalett1f@naver.com,Female,159.108.81.189
53,Tatum,Ashcroft,tashcroft1g@hp.com,Polygender,67.197.218.124
54,Crystie,Lean,clean1h@salon.com,Female,156.70.5.207
55,Nolan,Birkenshaw,nbirkenshaw1i@is.gd,Male,93.178.12.169
56,Sal,Goodnow,sgoodnow1j@unesco.org,Female,68.57.237.60
57,Adrianne,Stelfox,astelfox1k@fc2.com,Female,131.28.245.18
58,Burtie,Georgiades,bgeorgiades1l@youtube.com,Male,104.197.49.226
59,Norri,Drayn,ndrayn1m@shinystat.com,Female,48.203.208.249
60,Else,Brummitt,ebrummitt1n@xrea.com,Female,169.86.154.32
61,Oralla,Goodwell,ogoodwell1o@oaic.gov.au,Female,79.156.91.66
62,Sigrid,Deeman,sdeeman1p@about.me,Female,25.201.43.82
63,Arly,Cosens,acosens1q@state.gov,Female,225.51.19.123
64,Jerrold,Shillington,jshillington1r@livejournal.com,Male,66.187.198.152
65,Ted,Burridge,tburridge1s@rakuten.co.jp,Female,171.134.228.247
66,Billye,Southcombe,bsouthcombe1t@mozilla.com,Female,55.22.44.74
67,Simone,Eales,seales1u@fastcompany.com,Male,217.132.3.149
68,Kerry,Culter,kculter1v@tuttocitta.it,Male,57.196.219.40
69,Amalie,Lemmer,alemmer1w@sphinn.com,Female,178.143.196.226
70,Mozes,Fortnon,mfortnon1x@hao123.com,Male,166.38.156.175
71,Yorgo,Reuther,yreuther1y@japanpost.jp,Male,201.43.156.80
72,Bogart,Callingham,bcallingham1z@google.pl,Male,129.29.205.248
73,Pepillo,Dumberell,pdumberell20@craigslist.org,Male,243.150.171.61
74,Kain,Kendrew,kkendrew21@cnbc.com,Male,214.37.39.66
75,Jamison,Bartosek,jbartosek22@51.la,Non-binary,138.166.209.146
76,Cos,MacMeekan,cmacmeekan23@barnesandnoble.com,Male,58.171.16.146
77,Beryle,Cottis,bcottis24@github.io,Female,86.191.30.24
78,Kirsteni,Gook,kgook25@latimes.com,Female,142.132.246.169
79,Sinclare,Moysey,smoysey26@dailymotion.com,Male,223.199.135.84
80,Hoyt,Chater,hchater27@blinklist.com,Male,168.132.71.222
81,Lissy,Guild,lguild28@nasa.gov,Female,170.171.245.138
82,Frederic,Ewell,fewell29@marketwatch.com,Male,230.191.197.60
83,Mariellen,Rendbaek,mrendbaek2a@archive.org,Agender,195.103.115.235
84,Laurie,Tripp,ltripp2b@patch.com,Male,219.202.154.194
85,Danya,Learmonth,dlearmonth2c@networksolutions.com,Female,134.166.83.69
86,Eddy,Prestland,eprestland2d@typepad.com,Female,210.58.190.148
87,Cinda,Kohneke,ckohneke2e@dedecms.com,Female,252.238.31.145
88,Alvis,Aishford,aaishford2f@businesswire.com,Male,154.251.143.131
89,Ysabel,Coda,ycoda2g@pinterest.com,Female,197.79.240.50
90,Noak,Wonter,nwonter2h@house.gov,Male,222.0.2.185
91,Rebekkah,Guthrie,rguthrie2i@etsy.com,Female,206.10.11.40
92,Elisha,Lammers,elammers2j@deviantart.com,Genderfluid,118.81.246.243
93,Christy,Rosengren,crosengren2k@patch.com,Female,250.219.69.22
94,George,Atheis,gatheis2l@artisteer.com,Female,90.241.46.172
95,Eachelle,White,ewhite2m@webmd.com,Genderqueer,223.251.201.145
96,Fredia,Bubbear,fbubbear2n@house.gov,Female,77.176.56.16
97,Bryce,Dyson,bdyson2o@tiny.cc,Male,222.219.205.15
98,Pavla,Marder,pmarder2p@geocities.jp,Female,74.155.130.41
99,Lishe,de Savery,ldesavery2q@sohu.com,Polygender,246.112.216.129
100,Kain,Monckton,kmonckton2r@usatoday.com,Male,51.189.223.130
101,Orv,Allner,oallner2s@creativecommons.org,Male,104.181.121.31
102,Morrie,Ramelot,mramelot2t@opensource.org,Male,160.186.240.240
103,Niel,Innerstone,ninnerstone2u@discuz.net,Male,205.157.14.246
104,Kristy,Fletcher,kfletcher2v@clickbank.net,Female,122.168.254.155
105,Yolanthe,Broader,ybroader2w@naver.com,Female,246.248.22.211
106,Horacio,Brewer,hbrewer2x@ucoz.com,Male,209.84.238.104
107,Irv,Tomaszkiewicz,itomaszkiewicz2y@alibaba.com,Male,113.67.160.132
108,Augy,Knowler,aknowler2z@seesaa.net,Male,171.144.95.62
109,Teodoor,Towl,ttowl30@tuttocitta.it,Male,216.16.136.67
110,Ches,Jaksic,cjaksic31@japanpost.jp,Male,154.91.7.173
111,Vevay,Roistone,vroistone32@qq.com,Genderqueer,1.0.98.97
112,Elie,Rodenburgh,erodenburgh33@washingtonpost.com,Female,155.63.158.82
113,Yovonnda,Clemenzi,yclemenzi34@sbwire.com,Female,239.195.73.218
114,Evangeline,Wellfare,ewellfare35@scribd.com,Female,59.156.155.115
115,Maxim,Dreinan,mdreinan36@xing.com,Male,133.98.253.218
116,Sydel,Garth,sgarth37@ucla.edu,Female,193.130.104.77
117,Camey,Oris,coris38@constantcontact.com,Male,3.94.230.204
118,Emilee,Blackford,eblackford39@wikipedia.org,Female,240.120.32.195
119,Nelly,Sugarman,nsugarman3a@sun.com,Female,51.46.104.29
120,Gerti,Sheppard,gsheppard3b@army.mil,Female,51.250.110.228
121,Justus,Happel,jhappel3c@elpais.com,Male,162.156.234.176
122,Marga,Heinel,mheinel3d@barnesandnoble.com,Female,172.225.7.124
123,Mackenzie,Juszczyk,mjuszczyk3e@soup.io,Male,14.231.161.147
124,Patricio,Smithen,psmithen3f@vimeo.com,Male,62.53.249.243
125,Petr,Mabey,pmabey3g@jimdo.com,Male,230.40.61.236
126,Benjy,MacKereth,bmackereth3h@technorati.com,Male,90.59.31.236
127,Melonie,Grigsby,mgrigsby3i@bigcartel.com,Female,2.89.202.252
128,Sharla,Gillease,sgillease3j@redcross.org,Female,62.223.202.52
129,Morganica,Hoofe,mhoofe3k@shareasale.com,Female,5.69.128.251
130,Aleta,Covill,acovill3l@liveinternet.ru,Female,74.53.80.155
131,Niel,Tatnell,ntatnell3m@artisteer.com,Male,66.40.222.138
132,Den,Buckoke,dbuckoke3n@businessweek.com,Male,161.178.255.45
133,Aimil,Clethro,aclethro3o@spotify.com,Female,205.97.16.233
134,Shurlocke,Mea,smea3p@storify.com,Male,77.46.169.202
135,Arny,Dalli,adalli3q@pcworld.com,Male,79.167.165.245
136,Claude,Burndred,cburndred3r@sbwire.com,Female,123.255.247.69
137,Shir,Stearley,sstearley3s@list-manage.com,Female,78.33.41.85
138,Henrietta,Gravet,hgravet3t@nasa.gov,Female,33.93.7.33
139,Kath,Freeman,kfreeman3u@ask.com,Female,52.145.72.153
140,Miranda,Sentance,msentance3v@sphinn.com,Female,97.191.85.7
141,Roland,Donkersley,rdonkersley3w@miitbeian.gov.cn,Male,239.189.239.211
142,Camellia,Rought,crought3x@prnewswire.com,Female,224.4.98.75
143,Say,Farraway,sfarraway3y@wsj.com,Male,237.177.245.76
144,Carmine,Crilly,ccrilly3z@booking.com,Female,139.61.134.72
145,Hilton,Winston,hwinston40@ucoz.ru,Male,143.3.79.185
146,Liliane,Messingham,lmessingham41@huffingtonpost.com,Female,52.60.4.175
147,Haily,McGraffin,hmcgraffin42@java.com,Male,128.144.93.178
148,Samson,Leyton,sleyton43@independent.co.uk,Male,138.216.165.69
149,Jeannie,Celle,jcelle44@cisco.com,Female,173.77.243.113
150,Stormi,Sunock,ssunock45@thetimes.co.uk,Female,203.62.208.231
151,Willabella,Traviss,wtraviss46@umich.edu,Female,169.180.105.94
152,Eartha,Matveiko,ematveiko47@msn.com,Female,243.18.232.203
153,Gui,Levens,glevens48@sourceforge.net,Female,165.44.248.33
154,Albertina,Kunz,akunz49@cyberchimps.com,Female,103.243.115.168
155,Casey,Rolls,crolls4a@shutterfly.com,Female,84.37.225.229
156,Leontine,Sympson,lsympson4b@twitpic.com,Female,111.240.183.66
157,Rhetta,Faichnie,rfaichnie4c@virginia.edu,Genderqueer,88.34.108.106
158,Linzy,Gasnoll,lgasnoll4d@aol.com,Female,195.38.117.210
159,Sydel,Gatenby,sgatenby4e@howstuffworks.com,Female,47.156.54.41
160,Bengt,Andreaccio,bandreaccio4f@yellowpages.com,Male,255.128.171.129
161,Richmound,Stevings,rstevings4g@dyndns.org,Male,27.20.147.187
162,Dene,Cream,dcream4h@diigo.com,Male,49.174.150.238
163,Lowe,Scully,lscully4i@google.ca,Non-binary,147.37.253.0
164,Tab,Huegett,thuegett4j@mozilla.org,Male,23.83.152.52
165,Pancho,Benedikt,pbenedikt4k@barnesandnoble.com,Genderqueer,55.63.160.234
166,Carson,Sign,csign4l@businessweek.com,Male,250.199.20.183
167,Zane,Newberry,znewberry4m@disqus.com,Male,70.33.56.66
168,Tadio,Fader,tfader4n@weibo.com,Male,150.162.165.222
169,Cob,Pallesen,cpallesen4o@nydailynews.com,Male,223.9.131.248
170,Hilary,Wesson,hwesson4p@webs.com,Male,96.248.145.173
171,Lorette,Lippett,llippett4q@123-reg.co.uk,Female,179.233.186.143
172,Gerhard,Pennini,gpennini4r@msn.com,Male,97.95.33.93
173,Grethel,Schulke,gschulke4s@dropbox.com,Female,241.197.81.62
174,Liva,Gladden,lgladden4t@kickstarter.com,Female,69.232.222.126
175,Chandra,Baudone,cbaudone4u@pagesperso-orange.fr,Female,132.13.228.196
176,Purcell,Gland,pgland4v@cnet.com,Male,223.51.241.109
177,Carolan,Tringham,ctringham4w@blogtalkradio.com,Female,214.187.225.217
178,Tomlin,Illem,tillem4x@360.cn,Male,229.61.202.250
179,Bertrand,McIndrew,bmcindrew4y@miitbeian.gov.cn,Male,39.10.45.238
180,Kienan,Gregan,kgregan4z@technorati.com,Bigender,140.139.231.42
181,Vicky,Siss,vsiss50@mediafire.com,Female,53.225.92.194
182,Annabela,Crowcombe,acrowcombe51@hexun.com,Female,250.155.129.182
183,Wynn,Greenfield,wgreenfield52@kickstarter.com,Genderfluid,185.136.105.78
184,Merci,Funcheon,mfuncheon53@studiopress.com,Female,55.246.74.84
185,Darlene,Huckett,dhuckett54@springer.com,Female,48.144.231.114
186,Antonin,Stading,astading55@samsung.com,Male,50.64.18.199
187,Mathilde,Wimbush,mwimbush56@state.gov,Bigender,200.92.83.21
188,Foss,Fortnum,ffortnum57@umn.edu,Male,6.19.158.216
189,Ari,Lackemann,alackemann58@mlb.com,Male,191.228.12.73
190,Lanny,Markovich,lmarkovich59@friendfeed.com,Female,146.179.122.99
191,Lamond,Kohnemann,lkohnemann5a@google.com.hk,Male,76.3.223.208
192,Clo,Olkowicz,colkowicz5b@clickbank.net,Female,237.12.215.251
193,Scarlet,Sholl,ssholl5c@woothemes.com,Female,229.174.5.176
194,Borden,Gauntlett,bgauntlett5d@simplemachines.org,Male,84.152.104.88
195,Alasdair,Ivashov,aivashov5e@ow.ly,Male,167.160.202.27
196,Doria,Cowerd,dcowerd5f@yellowpages.com,Female,57.70.21.175
197,Miguelita,Grasner,mgrasner5g@army.mil,Female,244.143.227.1
198,Roselin,Belderson,rbelderson5h@msn.com,Female,131.90.187.209
199,Brant,Oxtarby,boxtarby5i@yahoo.com,Male,27.105.38.85
200,Inge,Blakeden,iblakeden5j@jugem.jp,Polygender,148.161.151.207
201,Masha,Agiolfinger,magiolfinger5k@sun.com,Female,26.74.164.75
202,Frannie,Orrow,forrow5l@4shared.com,Genderfluid,157.158.149.218
203,My,Ravillas,mravillas5m@123-reg.co.uk,Male,141.185.122.191
204,Ced,Martinek,cmartinek5n@nhs.uk,Male,202.74.135.214
205,Sophia,Humburton,shumburton5o@blogtalkradio.com,Female,104.151.111.73
206,Darlleen,Redley,dredley5p@free.fr,Female,67.253.119.28
207,Johny,Friman,jfriman5q@gizmodo.com,Male,20.234.120.112
208,Herbie,Roakes,hroakes5r@noaa.gov,Male,58.213.82.215
209,Thomasin,Olner,tolner5s@elpais.com,Female,89.147.81.108
210,Stanford,Bricham,sbricham5t@ca.gov,Male,223.84.164.29
211,Valentine,Zorzini,vzorzini5u@google.co.uk,Male,172.103.40.28
212,Helsa,McMaster,hmcmaster5v@wufoo.com,Genderfluid,48.80.177.121
213,Clifford,Forsdicke,cforsdicke5w@jiathis.com,Male,110.244.86.210
214,Aldous,Aguirre,aaguirre5x@moonfruit.com,Male,14.238.176.147
215,Feodor,Jolly,fjolly5y@reuters.com,Male,226.135.115.183
216,Jade,Fogden,jfogden5z@ocn.ne.jp,Female,79.106.162.78
217,Alanson,Buttler,abuttler60@1und1.de,Male,189.141.22.13
218,Jaclyn,Rouch,jrouch61@icio.us,Female,109.28.136.127
219,Brannon,Biaggetti,bbiaggetti62@sohu.com,Male,87.213.31.13
220,Vania,McNeachtain,vmcneachtain63@amazon.co.uk,Female,7.153.176.96
221,Saunderson,Calley,scalley64@irs.gov,Male,69.6.31.22
222,Belita,Hanselmann,bhanselmann65@phoca.cz,Female,49.139.141.209
223,Walden,Halesworth,whalesworth66@redcross.org,Male,222.172.234.32
224,Merissa,Ducker,mducker67@engadget.com,Female,126.88.77.80
225,Cchaddie,Cadell,ccadell68@tripod.com,Male,243.107.194.150
226,Celie,Demaid,cdemaid69@theguardian.com,Female,6.101.251.57
227,Nikolaus,McGillivray,nmcgillivray6a@cpanel.net,Male,197.98.104.109
228,Lenna,Behninck,lbehninck6b@blog.com,Female,26.88.110.249
229,Lacey,Donat,ldonat6c@zimbio.com,Female,38.13.47.119
230,Gwen,Kearsley,gkearsley6d@youku.com,Female,95.21.45.96
231,Darn,Bambrick,dbambrick6e@sphinn.com,Male,110.223.80.126
232,Regen,Fishby,rfishby6f@deliciousdays.com,Male,38.125.13.219
233,Felice,Mole,fmole6g@vimeo.com,Female,111.240.166.195
234,Gena,Tink,gtink6h@scribd.com,Female,183.241.99.239
235,Junette,Thorlby,jthorlby6i@sbwire.com,Female,175.228.205.199
236,Gradeigh,Finlater,gfinlater6j@buzzfeed.com,Non-binary,149.95.20.205
237,Ara,Jephson,ajephson6k@sbwire.com,Male,35.80.19.69
238,Martguerita,Sproson,msproson6l@technorati.com,Female,81.10.135.70
239,Colman,Nanni,cnanni6m@latimes.com,Male,133.210.251.44
240,Nikolia,Powell,npowell6n@cdc.gov,Female,58.126.5.235
241,Willis,Prestige,wprestige6o@hao123.com,Male,135.58.24.87
242,Irvin,Sibbit,isibbit6p@infoseek.co.jp,Male,181.103.84.67
243,Phillie,Di Biasio,pdibiasio6q@fema.gov,Female,233.244.27.112
244,Drusi,Giovanni,dgiovanni6r@godaddy.com,Female,185.63.52.27
245,Rosalyn,Blowne,rblowne6s@guardian.co.uk,Bigender,65.243.239.141
246,Maynard,Nuth,mnuth6t@about.me,Male,174.151.93.198
247,Stephenie,Carlaw,scarlaw6u@miibeian.gov.cn,Female,142.50.115.105
248,Adeline,Sturm,asturm6v@yelp.com,Female,215.20.51.167
249,Sophey,Last,slast6w@usa.gov,Female,160.88.166.2
250,Albertine,Katzmann,akatzmann6x@uiuc.edu,Non-binary,238.253.218.99
251,Aldous,Cockle,acockle6y@cmu.edu,Male,150.104.7.14
252,Gery,Rontree,grontree6z@go.com,Male,180.163.37.99
253,Donetta,Pensom,dpensom70@cargocollective.com,Bigender,76.64.23.36
254,Franklin,Fenner,ffenner71@cafepress.com,Male,119.19.81.75
255,Adams,Siney,asiney72@shareasale.com,Male,56.92.151.181
256,Raf,O'Connor,roconnor73@eepurl.com,Female,3.116.190.127
257,Eal,Spilling,espilling74@liveinternet.ru,Male,177.165.107.170
258,Bondie,Iacovini,biacovini75@wordpress.com,Non-binary,132.180.103.147
259,Timothee,Jenkinson,tjenkinson76@lycos.com,Male,173.141.143.99
260,Isis,Reddihough,ireddihough77@netscape.com,Female,247.88.214.156
261,Billye,Sargison,bsargison78@uiuc.edu,Female,20.88.43.31
262,Curran,Gwynne,cgwynne79@weebly.com,Male,85.162.82.251
263,Poul,Burrett,pburrett7a@exblog.jp,Male,123.205.149.77
264,Jazmin,Scrace,jscrace7b@sourceforge.net,Female,193.29.23.222
265,Jayme,Lennie,jlennie7c@cbc.ca,Male,184.85.133.130
266,Milissent,Stammler,mstammler7d@aol.com,Female,243.127.93.208
267,Alberik,Laurenzi,alaurenzi7e@usatoday.com,Male,53.107.82.90
268,Cathrine,Cradick,ccradick7f@ycombinator.com,Female,44.40.219.244
269,Shea,Foard,sfoard7g@github.io,Female,235.188.49.217
270,Datha,Matzeitis,dmatzeitis7h@berkeley.edu,Female,182.196.0.124
271,Michaela,Pawden,mpawden7i@nyu.edu,Female,59.177.133.99
272,Andreana,Pomfrey,apomfrey7j@loc.gov,Female,35.244.107.201
273,Quinn,Bareham,qbareham7k@reddit.com,Male,209.103.123.69
274,Reyna,Crumpton,rcrumpton7l@4shared.com,Female,205.30.108.61
275,Nikaniki,Maudlin,nmaudlin7m@lulu.com,Female,234.86.51.122
276,Abbe,Trineman,atrineman7n@hubpages.com,Female,133.1.92.18
277,Cristine,Spini,cspini7o@creativecommons.org,Bigender,230.129.123.190
278,Stanislaw,Greggor,sgreggor7p@cargocollective.com,Male,84.102.132.174
279,Ozzie,Ashlee,oashlee7q@ow.ly,Male,136.196.24.106
280,Salomon,Samwayes,ssamwayes7r@epa.gov,Male,187.55.177.90
281,Dewie,Habershaw,dhabershaw7s@studiopress.com,Male,221.255.232.230
282,Scarlett,Brason,sbrason7t@so-net.ne.jp,Female,173.154.62.126
283,Darcie,Sherwyn,dsherwyn7u@example.com,Female,145.84.52.116
284,Traci,Spriggen,tspriggen7v@geocities.jp,Female,22.2.109.49
285,Sinclare,Winward,swinward7w@imdb.com,Male,170.52.132.228
286,Phil,Abramamovh,pabramamovh7x@stumbleupon.com,Male,64.161.198.176
287,Somerset,MacCorley,smaccorley7y@lulu.com,Male,73.136.77.157
288,Cissiee,Hebblewhite,chebblewhite7z@so-net.ne.jp,Female,186.247.24.93
289,Pattin,Sunners,psunners80@homestead.com,Male,183.2.101.178
290,Eldredge,Borrowman,eborrowman81@bravesites.com,Male,49.115.53.181
291,Hyatt,Kersaw,hkersaw82@prweb.com,Male,68.154.224.4
292,Giselbert,Glamart,gglamart83@go.com,Male,38.148.97.159
293,Anett,Guswell,aguswell84@bloomberg.com,Female,133.211.115.186
294,Lolly,Ragot,lragot85@ezinearticles.com,Female,88.138.246.235
295,Livia,D'Antuoni,ldantuoni86@cafepress.com,Agender,166.253.235.47
296,Aharon,Oldman,aoldman87@list-manage.com,Male,131.31.145.111
297,Galina,Goulston,ggoulston88@blinklist.com,Female,6.120.98.138
298,Rina,Turford,rturford89@businessinsider.com,Female,55.72.8.177
299,Luis,Rouzet,lrouzet8a@booking.com,Male,47.29.105.124
300,Moyra,Brydone,mbrydone8b@studiopress.com,Female,127.101.217.27
301,Wilmar,Boog,wboog8c@thetimes.co.uk,Male,213.211.16.89
302,Devondra,Danzey,ddanzey8d@marriott.com,Female,205.36.16.96
303,Jacques,Manwaring,jmanwaring8e@globo.com,Male,206.65.60.54
304,Arron,MacNeilly,amacneilly8f@purevolume.com,Male,49.118.174.53
305,Keary,Maun,kmaun8g@bizjournals.com,Male,226.205.34.178
306,Debbi,Gasparro,dgasparro8h@storify.com,Female,94.139.111.102
307,Hamilton,Cramphorn,hcramphorn8i@ed.gov,Male,195.152.200.186
308,Kelcey,Sedwick,ksedwick8j@cargocollective.com,Female,30.10.78.242
309,Marcello,Wateridge,mwateridge8k@odnoklassniki.ru,Male,226.67.136.118
310,Tillie,Killner,tkillner8l@buzzfeed.com,Female,55.63.118.53
311,Bancroft,Barrim,bbarrim8m@google.com.au,Male,226.140.250.75
312,Khalil,Siveter,ksiveter8n@nsw.gov.au,Male,45.14.236.28
313,Kathryne,Yakunkin,kyakunkin8o@dailymotion.com,Female,34.162.2.76
314,Gregorio,Cankett,gcankett8p@goo.gl,Male,135.138.170.255
315,Karol,Jovic,kjovic8q@elpais.com,Female,182.5.145.143
316,Zonda,Joselevitz,zjoselevitz8r@sohu.com,Female,190.22.204.113
317,Audie,Gibby,agibby8s@miitbeian.gov.cn,Female,218.229.219.126
318,Ursola,Clayton,uclayton8t@boston.com,Female,37.87.4.119
319,Noland,Gladtbach,ngladtbach8u@dropbox.com,Male,247.171.250.85
320,Sileas,Lunk,slunk8v@wikia.com,Non-binary,240.216.80.210
321,Merilee,Tatlock,mtatlock8w@phpbb.com,Genderqueer,164.47.115.163
322,Taylor,Bolesworth,tbolesworth8x@spiegel.de,Male,238.215.114.147
323,Herby,Sidworth,hsidworth8y@prlog.org,Male,180.118.47.130
324,Carlo,Noods,cnoods8z@harvard.edu,Genderfluid,56.239.61.221
325,Berton,Izakoff,bizakoff90@ehow.com,Male,162.113.61.177
326,Israel,Prestie,iprestie91@ebay.co.uk,Male,139.191.97.227
327,Ram,Lowings,rlowings92@icio.us,Male,65.88.227.51
328,Joyan,Hubbucks,jhubbucks93@pinterest.com,Non-binary,199.210.195.184
329,Wallache,Bottoner,wbottoner94@yale.edu,Genderfluid,82.168.249.3
330,Lezley,Czadla,lczadla95@deviantart.com,Agender,176.157.185.53
331,Dyan,Bartoshevich,dbartoshevich96@un.org,Female,152.160.204.92
332,Beaufort,Saphir,bsaphir97@com.com,Male,238.173.219.221
333,Madelena,Saville,msaville98@cnet.com,Female,154.112.11.64
334,Gilles,Tomaszek,gtomaszek99@smh.com.au,Male,9.154.246.4
335,Tiffy,Steart,tsteart9a@ning.com,Female,19.48.77.129
336,Daisey,Ledgley,dledgley9b@china.com.cn,Female,151.126.163.149
337,Faunie,Workes,fworkes9c@squarespace.com,Female,28.93.251.35
338,Jock,Missenden,jmissenden9d@google.ca,Male,144.47.124.137
339,Wendel,Draye,wdraye9e@ucoz.com,Male,8.236.108.229
340,Oran,Whitesel,owhitesel9f@ucsd.edu,Male,131.71.127.250
341,Franni,Meaden,fmeaden9g@liveinternet.ru,Female,14.158.110.249
342,Inga,Baglin,ibaglin9h@devhub.com,Female,192.162.238.18
343,Tymon,Tavernor,ttavernor9i@github.io,Male,32.5.160.82
344,Gun,Fritzer,gfritzer9j@tumblr.com,Male,208.84.63.117
345,Gerek,Capstack,gcapstack9k@jugem.jp,Male,253.214.4.208
346,Coralie,Brodie,cbrodie9l@issuu.com,Female,2.131.153.48
347,Madella,Fermin,mfermin9m@homestead.com,Female,32.190.101.202
348,Willabella,Robun,wrobun9n@seattletimes.com,Female,188.35.225.163
349,Cass,Lebond,clebond9o@wunderground.com,Bigender,1.204.138.23
350,Son,Hairsnape,shairsnape9p@springer.com,Agender,27.135.171.207
351,Ernesta,Duinbleton,eduinbleton9q@csmonitor.com,Female,183.36.53.128
352,Dennie,Doorey,ddoorey9r@taobao.com,Male,30.8.77.177
353,Kimmie,Wescott,kwescott9s@ihg.com,Female,173.111.14.130
354,Tate,Donizeau,tdonizeau9t@cbc.ca,Male,31.126.154.60
355,Shaun,Corness,scorness9u@jugem.jp,Male,130.140.184.0
356,Odelinda,Rapp,orapp9v@squidoo.com,Female,203.139.88.230
357,Herschel,Juggings,hjuggings9w@cornell.edu,Male,242.73.208.75
358,Warren,Sissel,wsissel9x@state.gov,Male,101.217.36.80
359,Nelli,Backshell,nbackshell9y@craigslist.org,Female,209.215.16.208
360,Ash,Canty,acanty9z@cyberchimps.com,Male,218.199.135.106
361,Babb,Fahey,bfaheya0@scribd.com,Female,79.50.53.140
362,Basilius,Faithorn,bfaithorna1@seesaa.net,Male,155.153.108.21
363,Brandi,Gianuzzi,bgianuzzia2@accuweather.com,Female,228.4.152.96
364,Glenda,Coppock.,gcoppocka3@issuu.com,Female,185.39.220.57
365,Laurette,Pickrell,lpickrella4@biblegateway.com,Female,53.211.220.12
366,Wolfgang,Gwinnell,wgwinnella5@cpanel.net,Male,228.90.42.216
367,Hillel,Moody,hmoodya6@cbsnews.com,Male,66.174.22.163
368,Guenna,Debell,gdebella7@mozilla.com,Female,73.11.47.35
369,Laurel,Daggett,ldaggetta8@xrea.com,Non-binary,209.81.128.118
370,Gal,Lichfield,glichfielda9@salon.com,Male,108.15.174.208
371,Yvor,Kmiec,ykmiecaa@myspace.com,Male,175.236.149.33
372,Bryon,Caine,bcaineab@is.gd,Male,84.129.33.116
373,Melantha,Richardon,mrichardonac@china.com.cn,Female,56.218.66.60
374,Trudie,Baud,tbaudad@lulu.com,Female,133.61.114.236
375,Kassie,Grennan,kgrennanae@bigcartel.com,Female,113.5.222.34
376,Abbot,Crewther,acrewtheraf@multiply.com,Male,99.171.198.90
377,Cory,Cartmill,ccartmillag@hugedomains.com,Male,78.144.216.200
378,Diego,Candey,dcandeyah@amazon.co.uk,Male,197.220.247.102
379,Rocky,Cummins,rcumminsai@purevolume.com,Male,228.66.58.158
380,Carver,Goodwyn,cgoodwynaj@europa.eu,Male,195.220.77.30
381,Kingsly,Youle,kyouleak@free.fr,Bigender,170.57.180.233
382,Creigh,Varey,cvareyal@chicagotribune.com,Male,73.71.151.175
383,Bo,Goskar,bgoskaram@webeden.co.uk,Male,90.233.45.197
384,Dasha,Jarrard,djarrardan@cbsnews.com,Female,244.109.162.84
385,Domini,Tribe,dtribeao@godaddy.com,Female,171.194.63.169
386,Debera,Wrotham,dwrothamap@mapy.cz,Female,17.110.147.66
387,Mamie,Paget,mpagetaq@angelfire.com,Female,191.2.189.154
388,Lance,Schwandner,lschwandnerar@ebay.co.uk,Male,200.183.25.51
389,Merrilee,Ianson,miansonas@tuttocitta.it,Female,0.165.201.42
390,Georgianne,Goldring,ggoldringat@technorati.com,Female,130.244.8.191
391,Spike,Mathet,smathetau@multiply.com,Male,5.58.98.238
392,Cobb,Wolters,cwoltersav@jiathis.com,Male,66.68.108.219
393,Parke,Chant,pchantaw@hatena.ne.jp,Male,190.113.142.125
394,Rayna,Spink,rspinkax@github.com,Female,137.173.193.67
395,Adelbert,Braisby,abraisbyay@auda.org.au,Male,70.180.228.209
396,Brigida,O'Corrin,bocorrinaz@hatena.ne.jp,Female,196.113.160.111
397,Corey,Masterton,cmastertonb0@comsenz.com,Female,13.74.175.37
398,Johnnie,Gifkins,jgifkinsb1@ow.ly,Male,8.214.229.93
399,Annelise,De Castri,adecastrib2@edublogs.org,Female,2.74.5.28
400,Hoyt,Dimmick,hdimmickb3@hostgator.com,Male,214.254.67.10
401,Catlaina,Foxen,cfoxenb4@admin.ch,Female,201.246.16.136
402,Stella,Westoff,swestoffb5@stanford.edu,Female,90.29.182.183
403,Case,Renault,crenaultb6@cocolog-nifty.com,Male,82.64.151.88
404,Mabelle,Fairtlough,mfairtloughb7@earthlink.net,Female,160.140.245.58
405,Torrance,Milazzo,tmilazzob8@multiply.com,Male,140.248.3.228
406,Saw,Issacov,sissacovb9@hao123.com,Male,108.229.25.68
407,Benni,Mayo,bmayoba@irs.gov,Female,24.24.211.82
408,Margaux,Fellman,mfellmanbb@imgur.com,Female,66.191.8.158
409,Shalom,Bartoletti,sbartolettibc@ow.ly,Male,67.49.173.74
410,Monica,Arendsen,marendsenbd@booking.com,Female,176.20.153.77
411,Charley,Catchpole,ccatchpolebe@i2i.jp,Bigender,9.246.233.129
412,Kristy,Greedyer,kgreedyerbf@reuters.com,Non-binary,55.206.12.84
413,Lou,Blagburn,lblagburnbg@sogou.com,Male,117.80.94.83
414,Danielle,Eaglen,deaglenbh@sogou.com,Female,141.104.174.114
415,Wanids,Eades,weadesbi@vk.com,Female,203.125.147.3
416,Massimo,Whitcomb,mwhitcombbj@ucoz.com,Male,220.72.114.165
417,Giustino,Shorbrook,gshorbrookbk@gmpg.org,Male,134.135.57.121
418,Moore,Halsall,mhalsallbl@shutterfly.com,Male,5.214.85.30
419,Celia,Beneteau,cbeneteaubm@list-manage.com,Female,144.128.116.61
420,Christalle,Straffon,cstraffonbn@ocn.ne.jp,Female,206.215.77.92
421,Elle,Darton,edartonbo@apple.com,Female,207.51.162.181
422,Bernice,McMennum,bmcmennumbp@wordpress.org,Female,174.90.63.246
423,Angelique,Legen,alegenbq@photobucket.com,Female,226.73.214.222
424,Seline,Palliser,spalliserbr@blogger.com,Genderqueer,82.64.3.11
425,Harwilll,Hinsch,hhinschbs@blogspot.com,Male,250.139.68.8
426,Shanda,de Broke,sdebrokebt@disqus.com,Female,183.189.151.22
427,Maxy,Tumasian,mtumasianbu@networkadvertising.org,Male,146.226.14.48
428,Vinnie,Geram,vgerambv@arstechnica.com,Male,65.67.137.233
429,Janela,Falco,jfalcobw@merriam-webster.com,Female,23.66.209.56
430,Lisetta,Sinson,lsinsonbx@ftc.gov,Female,128.96.54.217
431,Derron,Hadcock,dhadcockby@cbslocal.com,Male,150.201.56.213
432,Mateo,Le Lievre,mlelievrebz@cpanel.net,Male,207.182.93.79
433,Christye,Wenger,cwengerc0@youtu.be,Female,63.117.95.155
434,Kit,Nice,knicec1@parallels.com,Male,123.17.213.181
435,Ilsa,Danne,idannec2@hhs.gov,Female,132.128.91.47
436,Sibelle,Palluschek,spalluschekc3@walmart.com,Female,252.88.211.89
437,Sandy,Okenfold,sokenfoldc4@vk.com,Female,223.17.215.166
438,Goraud,Bromet,gbrometc5@nydailynews.com,Male,37.71.71.118
439,Benoite,Clougher,bclougherc6@guardian.co.uk,Female,58.208.187.208
440,Cristionna,Botterill,cbotterillc7@ebay.co.uk,Genderqueer,79.153.164.164
441,Leonidas,Stoile,lstoilec8@posterous.com,Male,85.58.239.200
442,Cloe,Kyffin,ckyffinc9@hexun.com,Female,92.122.44.44
443,Jerome,Sacase,jsacaseca@free.fr,Male,231.24.56.41
444,Corabelle,Cogger,ccoggercb@va.gov,Female,174.64.128.245
445,Amble,Lindermann,alindermanncc@examiner.com,Male,84.250.151.152
446,Barbi,Prestner,bprestnercd@youtube.com,Female,228.36.84.111
447,Mercy,Ridgley,mridgleyce@digg.com,Female,192.74.24.92
448,Titus,Halpen,thalpencf@blogtalkradio.com,Male,172.232.52.113
449,Nicolea,Horsell,nhorsellcg@ihg.com,Female,127.24.181.183
450,Kirby,Nickolls,knickollsch@pbs.org,Female,245.10.47.68
451,Wiatt,Kerswell,wkerswellci@biglobe.ne.jp,Male,160.88.34.123
452,Regine,Ralphs,rralphscj@amazonaws.com,Female,193.3.153.6
453,Lou,Pamplin,lpamplinck@cloudflare.com,Female,47.249.161.191
454,Lani,Trayford,ltrayfordcl@pinterest.com,Female,209.145.161.153
455,Walker,Lightowlers,wlightowlerscm@nationalgeographic.com,Male,61.214.255.111
456,Pansy,Skarman,pskarmancn@friendfeed.com,Female,123.14.204.239
457,Worthington,Decroix,wdecroixco@themeforest.net,Male,20.92.53.135
458,Shepperd,Juara,sjuaracp@github.com,Male,222.132.6.225
459,Trula,Newiss,tnewisscq@sina.com.cn,Female,119.214.95.14
460,Astrix,Reek,areekcr@imageshack.us,Female,16.67.10.130
461,Randell,Coxen,rcoxencs@posterous.com,Male,207.57.69.194
462,Carley,Stredwick,cstredwickct@so-net.ne.jp,Female,118.154.135.68
463,Alasdair,McNeillie,amcneilliecu@gravatar.com,Male,165.202.102.111
464,Erda,Seemmonds,eseemmondscv@go.com,Female,82.59.155.82
465,Nessi,O'Hdirscoll,nohdirscollcw@bbb.org,Female,110.87.143.132
466,Lane,Heintz,lheintzcx@examiner.com,Male,120.199.145.228
467,Ricoriki,Knowlman,rknowlmancy@tripadvisor.com,Male,205.254.136.52
468,Felizio,Dupoy,fdupoycz@mozilla.org,Male,176.54.217.205
469,Micki,Fleckney,mfleckneyd0@instagram.com,Female,210.55.6.75
470,Siana,Finnes,sfinnesd1@paginegialle.it,Female,128.106.20.120
471,Kordula,Dommett,kdommettd2@netscape.com,Female,131.43.9.153
472,Burnaby,Standfield,bstandfieldd3@ehow.com,Agender,249.99.84.149
473,Claude,Wisher,cwisherd4@bizjournals.com,Female,237.22.227.255
474,Vaughan,Baxstare,vbaxstared5@pbs.org,Male,140.254.33.143
475,Hardy,Thompson,hthompsond6@washingtonpost.com,Male,138.194.82.89
476,Mel,Marcos,mmarcosd7@nifty.com,Male,216.0.228.162
477,Claude,Parbrook,cparbrookd8@prweb.com,Female,98.120.121.158
478,Augustine,Antham,aanthamd9@vk.com,Male,124.201.235.111
479,Lidia,Royste,lroysteda@opensource.org,Female,50.102.247.167
480,Allys,Stripp,astrippdb@google.it,Female,59.40.179.184
481,Aleen,Pignon,apignondc@privacy.gov.au,Female,138.182.115.193
482,Marsha,De La Salle,mdelasalledd@bluehost.com,Female,126.169.58.23
483,Adler,Grovier,agrovierde@plala.or.jp,Male,81.166.143.110
484,Philbert,Stenton,pstentondf@virginia.edu,Polygender,28.152.17.94
485,Moe,Petz,mpetzdg@seesaa.net,Male,25.175.8.201
486,Zia,Extill,zextilldh@hp.com,Female,26.63.179.197
487,Pat,Fairholme,pfairholmedi@e-recht24.de,Male,233.118.108.236
488,Levon,Pennells,lpennellsdj@accuweather.com,Male,128.207.249.238
489,Elisa,Ackermann,eackermanndk@wikia.com,Bigender,71.148.122.229
490,Maxi,Sibbit,msibbitdl@statcounter.com,Female,150.34.72.108
491,Margaret,Bartolomieu,mbartolomieudm@narod.ru,Female,241.73.80.59
492,Alec,Goard,agoarddn@sciencedirect.com,Male,249.222.229.156
493,De witt,Officer,dofficerdo@imdb.com,Male,104.229.212.19
494,Brod,Kyncl,bkyncldp@ehow.com,Bigender,134.92.217.168
495,Matthiew,Cicculini,mcicculinidq@gnu.org,Male,155.114.5.40
496,Stacy,Boyington,sboyingtondr@dell.com,Male,110.134.133.7
497,Tab,Tunnadine,ttunnadineds@si.edu,Male,53.254.248.115
498,Jasmin,Gilfillan,jgilfillandt@nsw.gov.au,Agender,52.78.95.134
499,Gilemette,Bubear,gbubeardu@ow.ly,Female,114.81.23.185
500,Clim,Armell,carmelldv@github.io,Male,154.159.170.169
501,Janaye,Lannin,jlannindw@t-online.de,Female,144.222.201.134
502,Anneliese,Omond,aomonddx@reuters.com,Female,92.182.31.131
503,Jan,Shellshear,jshellsheardy@narod.ru,Male,248.87.39.228
504,Binni,Breeton,bbreetondz@mac.com,Female,182.65.238.143
505,Doris,Calendar,dcalendare0@ask.com,Female,234.73.179.50
506,Tracie,Iacabucci,tiacabuccie1@microsoft.com,Female,78.96.144.226
507,Sammy,Clyant,sclyante2@uol.com.br,Female,116.43.33.243
508,Annetta,Champkin,achampkine3@list-manage.com,Female,49.11.246.169
509,Cleveland,Kenealy,ckenealye4@deliciousdays.com,Male,246.98.139.239
510,Benji,Andriuzzi,bandriuzzie5@ask.com,Male,38.206.253.173
511,Cris,Abbatucci,cabbatuccie6@netvibes.com,Male,122.155.159.195
512,Dicky,Reinbeck,dreinbecke7@sciencedaily.com,Male,164.53.245.58
513,Augustus,Burdett,aburdette8@mail.ru,Male,185.227.42.5
514,Genia,Pendrigh,gpendrighe9@goodreads.com,Female,8.64.21.44
515,Sharon,Kirimaa,skirimaaea@biblegateway.com,Female,221.120.130.244
516,Ambrosio,Fateley,afateleyeb@yahoo.co.jp,Male,203.166.182.7
517,Iosep,Schirok,ischirokec@ftc.gov,Male,154.145.10.22
518,Jemimah,Farnill,jfarnilled@oakley.com,Female,159.248.35.28
519,Alexandre,Blatherwick,ablatherwickee@nyu.edu,Male,164.19.98.130
520,Lyssa,Cudihy,lcudihyef@bigcartel.com,Female,83.250.238.241
521,Kerri,Raubheim,kraubheimeg@chicagotribune.com,Female,194.162.119.44
522,Leann,Woakes,lwoakeseh@linkedin.com,Female,43.26.151.155
523,Staffard,Obee,sobeeei@unesco.org,Male,253.170.49.38
524,Markus,Mighele,mmigheleej@netlog.com,Male,100.72.89.226
525,Rice,Hackett,rhackettek@digg.com,Male,58.31.203.209
526,Quentin,Overell,qoverellel@answers.com,Female,253.213.92.62
527,Leonardo,Northin,lnorthinem@telegraph.co.uk,Polygender,250.117.32.30
528,Jena,Sposito,jspositoen@bizjournals.com,Female,230.119.220.164
529,Sheryl,Traske,straskeeo@si.edu,Female,116.57.113.98
530,Katheryn,Smerdon,ksmerdonep@netvibes.com,Female,105.91.7.237
531,Anetta,Pantone,apantoneeq@usnews.com,Female,205.171.18.194
532,Tammara,Hourihan,thourihaner@vk.com,Female,150.52.90.122
533,Porty,Robbel,probbeles@behance.net,Male,215.54.25.2
534,Shelba,Ganniclifft,sganniclifftet@geocities.jp,Female,178.129.4.100
535,Marge,Blanche,mblancheeu@illinois.edu,Female,202.2.235.170
536,Waiter,Harmar,wharmarev@addtoany.com,Male,38.78.15.122
537,Vina,Castelow,vcastelowew@ovh.net,Female,58.235.102.98
538,Danica,McBeath,dmcbeathex@craigslist.org,Female,102.3.63.20
539,Tami,Rawsen,trawseney@usatoday.com,Female,167.72.47.188
540,Karole,Davydochkin,kdavydochkinez@mayoclinic.com,Female,9.224.220.114
541,Amandie,Galbraeth,agalbraethf0@homestead.com,Female,227.20.121.71
542,Glen,Reuther,greutherf1@github.io,Male,227.9.147.209
543,Barry,Ruggieri,bruggierif2@com.com,Female,201.6.27.43
544,Claiborne,Attyeo,cattyeof3@naver.com,Male,150.108.161.226
545,Sadye,Meffen,smeffenf4@state.tx.us,Female,190.153.105.162
546,Arty,Addess,aaddessf5@w3.org,Male,197.252.10.235
547,Sim,Barrs,sbarrsf6@army.mil,Male,139.74.251.111
548,Florina,Titmuss,ftitmussf7@digg.com,Female,198.189.80.31
549,Debor,Parcells,dparcellsf8@sakura.ne.jp,Female,185.73.111.7
550,Barde,Dielhenn,bdielhennf9@smugmug.com,Male,125.168.92.170
551,Jeannine,Witchell,jwitchellfa@time.com,Female,92.18.19.97
552,Korney,Barnett,kbarnettfb@stanford.edu,Female,238.208.197.146
553,Danyelle,Humberston,dhumberstonfc@ucla.edu,Female,72.177.40.211
554,Taddeo,Southwell,tsouthwellfd@ft.com,Male,211.85.175.104
555,Niccolo,Fyrth,nfyrthfe@theglobeandmail.com,Male,97.36.75.67
556,Claybourne,Simoneschi,csimoneschiff@sitemeter.com,Male,47.145.7.229
557,Vassili,Becket,vbecketfg@google.es,Male,198.2.24.210
558,Rafaela,Gouldthorpe,rgouldthorpefh@hp.com,Female,4.153.116.215
559,Cole,Allum,callumfi@irs.gov,Male,14.214.227.145
560,Gibbie,Condliffe,gcondliffefj@google.nl,Male,121.115.135.230
561,Grannie,Talby,gtalbyfk@yahoo.co.jp,Male,187.136.160.32
562,Mar,Loble,mloblefl@opensource.org,Male,160.78.164.221
563,Mercedes,Hussell,mhussellfm@ameblo.jp,Female,15.164.208.235
564,Dorice,Manterfield,dmanterfieldfn@dion.ne.jp,Female,59.237.250.20
565,Obadiah,Pithcock,opithcockfo@ifeng.com,Male,46.250.50.230
566,Jordanna,Rubery,jruberyfp@mediafire.com,Female,186.252.216.78
567,Onfre,Andrea,oandreafq@1688.com,Male,112.200.170.192
568,Victoir,Dandison,vdandisonfr@plala.or.jp,Non-binary,233.91.164.163
569,Benedict,Mechan,bmechanfs@parallels.com,Male,50.82.13.10
570,Bryon,Trahair,btrahairft@example.com,Male,180.209.150.200
571,Dimitri,Parkisson,dparkissonfu@nyu.edu,Male,95.105.215.252
572,Goldi,Dailly,gdaillyfv@elegantthemes.com,Female,1.15.75.98
573,Harvey,Rowlatt,hrowlattfw@hhs.gov,Male,99.178.206.45
574,Bordie,Hincham,bhinchamfx@webmd.com,Male,102.211.121.145
575,Ginevra,Tregaskis,gtregaskisfy@engadget.com,Female,233.16.160.55
576,Goddard,Lowry,glowryfz@state.gov,Male,62.114.64.230
577,Marlane,Poluzzi,mpoluzzig0@livejournal.com,Female,117.5.161.141
578,Mattias,Kingswood,mkingswoodg1@gmpg.org,Male,214.173.150.7
579,Meggi,Haly,mhalyg2@gizmodo.com,Female,141.38.95.148
580,Elisabeth,Plumtree,eplumtreeg3@t.co,Female,17.99.8.135
581,Aldo,Johnikin,ajohniking4@unicef.org,Male,30.253.191.220
582,Marnie,Shetliff,mshetliffg5@wikia.com,Agender,87.225.177.252
583,Melody,Handrok,mhandrokg6@diigo.com,Female,81.30.229.203
584,Arturo,Walcar,awalcarg7@amazon.de,Genderqueer,128.89.54.225
585,Josey,Bradick,jbradickg8@bbc.co.uk,Female,140.141.175.112
586,Lennard,Harragin,lharraging9@furl.net,Male,31.197.32.87
587,Glad,MacGiffin,gmacgiffinga@bravesites.com,Female,11.139.16.17
588,Michele,Wiltshier,mwiltshiergb@usgs.gov,Male,165.254.6.107
589,Patten,Sercombe,psercombegc@earthlink.net,Male,2.59.118.220
590,Milty,Ribbens,mribbensgd@google.co.uk,Male,183.18.150.195
591,Baryram,Sapsford,bsapsfordge@google.co.uk,Male,58.108.167.87
592,Yorker,Lathee,ylatheegf@histats.com,Male,49.43.204.135
593,Marie-jeanne,Biggin,mbiggingg@spiegel.de,Bigender,228.241.140.193
594,Dodi,Tancock,dtancockgh@latimes.com,Female,59.129.187.244
595,Carley,Morrill,cmorrillgi@squarespace.com,Female,9.252.209.120
596,Dud,Harcourt,dharcourtgj@blogtalkradio.com,Male,104.23.13.206
597,Alvis,Van Baaren,avanbaarengk@hibu.com,Male,115.237.140.46
598,Charil,Mawford,cmawfordgl@acquirethisname.com,Genderqueer,72.214.122.57
599,Lil,Pettiford,lpettifordgm@opera.com,Female,61.23.207.98
600,Cort,Kenford,ckenfordgn@ftc.gov,Male,135.71.80.239
601,Dotty,Louche,dlouchego@cocolog-nifty.com,Female,87.189.162.101
602,Porter,Crews,pcrewsgp@unicef.org,Male,7.204.178.230
603,Kareem,Kern,kkerngq@shareasale.com,Non-binary,254.15.170.200
604,Josie,Withur,jwithurgr@twitter.com,Female,94.144.77.101
605,Rab,Shottin,rshottings@cam.ac.uk,Male,47.72.172.53
606,Sheela,Cettell,scettellgt@time.com,Female,248.41.108.216
607,Jayne,Bellay,jbellaygu@dedecms.com,Female,171.7.91.63
608,Lindsey,Callander,lcallandergv@census.gov,Male,248.28.231.62
609,Lowrance,Brunsen,lbrunsengw@msn.com,Male,108.212.248.26
610,Ameline,Dudman,adudmangx@usnews.com,Female,120.73.60.166
611,Melvin,Titchard,mtitchardgy@whitehouse.gov,Male,120.5.181.121
612,Keary,Woliter,kwolitergz@bloglovin.com,Male,125.149.143.204
613,Morna,Shiel,mshielh0@engadget.com,Female,33.10.199.93
614,Errol,Mackin,emackinh1@meetup.com,Male,3.209.126.223
615,Manon,Jentges,mjentgesh2@ted.com,Agender,85.67.93.214
616,Callida,Heckney,checkneyh3@columbia.edu,Female,195.84.251.203
617,Timi,Glanfield,tglanfieldh4@behance.net,Female,207.108.243.198
618,Lynnett,Blakemore,lblakemoreh5@sciencedaily.com,Female,165.137.143.67
619,Paxon,Hemphall,phemphallh6@networksolutions.com,Male,51.15.83.82
620,Jennette,Eddins,jeddinsh7@skype.com,Female,15.179.245.67
621,Rosene,Denford,rdenfordh8@homestead.com,Female,142.175.159.227
622,Roxanna,Lohrensen,rlohrensenh9@delicious.com,Female,20.163.57.209
623,Michaeline,Rebanks,mrebanksha@odnoklassniki.ru,Female,124.127.152.41
624,Mirabella,Le Franc,mlefranchb@shop-pro.jp,Female,141.80.154.128
625,Beatrisa,Bartolic,bbartolichc@globo.com,Female,99.185.119.180
626,Dorita,Lantuffe,dlantuffehd@cbc.ca,Female,42.252.212.175
627,Putnam,Lory,ploryhe@jiathis.com,Male,16.23.222.166
628,Brandea,Wells,bwellshf@flickr.com,Female,104.165.129.221
629,Cyndia,Connar,cconnarhg@va.gov,Female,226.193.96.173
630,Martica,Allery,malleryhh@tinypic.com,Female,161.94.251.137
631,Karleen,Campa,kcampahi@quantcast.com,Female,88.160.82.73
632,Stephanie,Gasgarth,sgasgarthhj@dedecms.com,Female,122.57.40.250
633,Lyell,Grimwad,lgrimwadhk@cbslocal.com,Male,161.225.174.2
634,Gayle,Spinas,gspinashl@npr.org,Female,58.44.54.227
635,Marlee,Stenner,mstennerhm@yolasite.com,Female,248.245.153.231
636,Stillmann,Heathcoat,sheathcoathn@msn.com,Male,12.138.193.227
637,Nobie,Kowalik,nkowalikho@t-online.de,Male,208.16.116.44
638,Eleonora,Borg-Bartolo,eborgbartolohp@guardian.co.uk,Female,32.109.44.93
639,Renard,Gullefant,rgullefanthq@jiathis.com,Male,184.239.66.86
640,Brandea,Swancott,bswancotthr@51.la,Female,245.187.19.61
641,Uriah,Gilogly,ugiloglyhs@storify.com,Male,200.131.240.8
642,Chancey,Brough,cbroughht@answers.com,Male,80.224.248.200
643,Jobina,Cappleman,jcapplemanhu@homestead.com,Non-binary,141.173.218.53
644,Doe,Petrolli,dpetrollihv@topsy.com,Female,209.201.4.131
645,Pace,Toffolo,ptoffolohw@reference.com,Agender,131.29.149.68
646,Rozele,Raffan,rraffanhx@cbsnews.com,Female,182.196.248.101
647,Hillary,Izachik,hizachikhy@harvard.edu,Female,235.129.49.245
648,Jenda,Cullnean,jcullneanhz@unicef.org,Female,18.46.1.32
649,Thornton,Sadry,tsadryi0@hibu.com,Male,131.83.218.170
650,Petra,Tetsall,ptetsalli1@chron.com,Female,24.129.173.23
651,Selene,Iorio,siorioi2@com.com,Female,185.209.68.234
652,Gav,Bewsey,gbewseyi3@nih.gov,Male,38.139.31.74
653,Jami,Scattergood,jscattergoodi4@dyndns.org,Female,23.39.0.40
654,Claire,Balfe,cbalfei5@fastcompany.com,Male,207.91.45.116
655,Bary,Alenov,balenovi6@bbb.org,Male,9.79.71.50
656,Kearney,Gomby,kgombyi7@bluehost.com,Male,132.201.2.195
657,Luther,Musso,lmussoi8@thetimes.co.uk,Male,37.52.197.110
658,Georgia,Tulip,gtulipi9@howstuffworks.com,Female,192.137.50.50
659,Winnah,Willford,wwillfordia@comsenz.com,Female,89.14.21.129
660,Willi,Turl,wturlib@miitbeian.gov.cn,Male,170.242.111.147
661,Raymund,Pietersma,rpietersmaic@tuttocitta.it,Male,239.178.2.191
662,Jo,Bott,jbottid@typepad.com,Genderfluid,154.248.192.254
663,Carroll,Brownill,cbrownillie@yolasite.com,Female,184.122.250.192
664,Lorne,Lewson,llewsonif@ed.gov,Genderqueer,227.218.82.218
665,Teirtza,Sweatland,tsweatlandig@oracle.com,Female,95.56.226.205
666,Ogdan,Toller,otollerih@cafepress.com,Male,247.43.199.110
667,Karylin,Coggan,kcogganii@tripod.com,Genderqueer,63.159.94.50
668,Sim,Zuenelli,szuenelliij@ucoz.com,Male,44.131.113.184
669,Ephrem,Bellard,ebellardik@nsw.gov.au,Male,145.72.3.51
670,Dannie,Peasgood,dpeasgoodil@amazon.co.jp,Genderfluid,111.187.214.84
671,Urban,Gaddas,ugaddasim@google.cn,Male,80.212.57.152
672,Darrelle,Coutthart,dcoutthartin@marketwatch.com,Female,139.164.169.57
673,Jakob,Sciacovelli,jsciacovelliio@harvard.edu,Non-binary,252.94.21.193
674,Lisle,MacKonochie,lmackonochieip@slate.com,Male,250.178.219.139
675,Skipton,Skowcraft,sskowcraftiq@huffingtonpost.com,Male,24.193.204.184
676,Kit,Papaminas,kpapaminasir@sciencedirect.com,Male,12.238.135.140
677,Jarred,Argile,jargileis@auda.org.au,Male,148.24.210.116
678,Elston,Ealles,eeallesit@jugem.jp,Male,214.42.254.17
679,Zonda,Nan Carrow,znancarrowiu@princeton.edu,Female,94.126.33.129
680,Osborne,Wordsley,owordsleyiv@wordpress.org,Male,194.81.169.9
681,Norine,Bransgrove,nbransgroveiw@theatlantic.com,Female,212.34.43.19
682,Jameson,Slowgrove,jslowgroveix@chronoengine.com,Male,215.148.162.90
683,Natal,Beggin,nbegginiy@jiathis.com,Male,51.21.92.246
684,Neal,Varne,nvarneiz@ustream.tv,Male,33.123.54.50
685,Jennie,Eagleston,jeaglestonj0@whitehouse.gov,Female,7.233.252.22
686,Rafe,Stollard,rstollardj1@creativecommons.org,Male,234.86.31.36
687,Tiebout,Merricks,tmerricksj2@facebook.com,Male,40.194.177.27
688,Dallas,Barringer,dbarringerj3@ftc.gov,Female,90.55.118.234
689,Nicoli,Olesen,nolesenj4@icq.com,Female,193.95.250.125
690,Roberto,Halpeine,rhalpeinej5@addtoany.com,Male,213.225.126.26
691,Olwen,Ethridge,oethridgej6@sourceforge.net,Female,229.7.83.110
692,Sharline,Guillond,sguillondj7@marriott.com,Female,136.151.86.11
693,Welsh,MacCarrick,wmaccarrickj8@bigcartel.com,Male,251.149.16.243
694,Vonny,Klemke,vklemkej9@ucla.edu,Female,191.158.182.73
695,Claiborne,Callcott,ccallcottja@harvard.edu,Male,165.197.169.8
696,Willow,Winspur,wwinspurjb@boston.com,Female,251.189.111.106
697,Prentiss,Reisenberg,preisenbergjc@storify.com,Male,232.208.100.24
698,Ronnie,Levitt,rlevittjd@adobe.com,Female,137.216.107.170
699,Murvyn,Nancarrow,mnancarrowje@ihg.com,Male,154.101.0.100
700,Reyna,Bracegirdle,rbracegirdlejf@behance.net,Female,137.100.119.3
701,Morse,Bruhn,mbruhnjg@cdbaby.com,Male,95.217.47.80
702,Aurore,Guittet,aguittetjh@geocities.com,Female,49.88.36.230
703,Munroe,Silwood,msilwoodji@pagesperso-orange.fr,Polygender,25.67.25.250
704,Cindie,O'Rourke,corourkejj@chronoengine.com,Female,76.221.85.187
705,Emmett,Falkus,efalkusjk@elegantthemes.com,Male,98.143.9.16
706,Denis,Fowle,dfowlejl@unblog.fr,Male,222.77.62.159
707,Eolande,Hek,ehekjm@naver.com,Female,238.121.126.81
708,Gayle,Grayland,ggraylandjn@eventbrite.com,Male,162.235.164.142
709,Paloma,Budden,pbuddenjo@ucsd.edu,Female,250.236.138.239
710,Annalee,Gounod,agounodjp@lulu.com,Female,34.170.13.146
711,Bartlet,Pape,bpapejq@weebly.com,Male,178.118.177.232
712,Antoinette,Blose,ablosejr@indiatimes.com,Female,176.217.4.62
713,Fulvia,Defond,fdefondjs@unesco.org,Female,146.135.178.155
714,Thia,Iacabucci,tiacabuccijt@economist.com,Female,206.7.216.188
715,Guillermo,Tofpik,gtofpikju@vk.com,Male,155.192.230.137
716,Marilin,Bartosch,mbartoschjv@gizmodo.com,Female,119.236.164.62
717,Mark,Hritzko,mhritzkojw@geocities.com,Male,28.122.55.139
718,Trev,Fulstow,tfulstowjx@cbc.ca,Male,93.246.226.49
719,Waite,Petch,wpetchjy@booking.com,Male,128.182.233.25
720,Hayley,McGann,hmcgannjz@deliciousdays.com,Female,236.114.143.106
721,Frans,Carlett,fcarlettk0@twitpic.com,Male,53.104.29.28
722,Loralee,Caudell,lcaudellk1@cdbaby.com,Female,79.239.24.182
723,Sena,Chelley,schelleyk2@dropbox.com,Female,3.138.218.216
724,Lacie,Abbatini,labbatinik3@lulu.com,Female,210.165.215.84
725,Pasquale,Riddall,priddallk4@tuttocitta.it,Male,130.171.75.24
726,Zach,Salack,zsalackk5@prweb.com,Male,79.241.157.126
727,Lenette,Idwal Evans,lidwalevansk6@lulu.com,Female,232.175.62.25
728,Reinwald,Ramsted,rramstedk7@ebay.co.uk,Male,188.61.154.199
729,Janette,Adamthwaite,jadamthwaitek8@examiner.com,Female,250.33.204.93
730,Pammi,Michal,pmichalk9@google.nl,Female,34.175.52.109
731,Barde,Streets,bstreetska@canalblog.com,Male,44.141.127.193
732,Consalve,Issac,cissackb@free.fr,Male,134.38.8.72
733,Jedediah,Gosford,jgosfordkc@ft.com,Male,186.140.110.237
734,Keslie,Lowman,klowmankd@liveinternet.ru,Female,217.35.37.243
735,Evelina,Clemendet,eclemendetke@nhs.uk,Female,84.125.183.95
736,Wallace,Lethem,wlethemkf@si.edu,Male,84.210.202.157
737,Constantin,Foister,cfoisterkg@is.gd,Male,187.30.198.165
738,Giorgia,Croser,gcroserkh@ox.ac.uk,Female,17.130.109.78
739,Willy,Hammell,whammellki@e-recht24.de,Male,186.211.223.165
740,Zachary,Ferrotti,zferrottikj@omniture.com,Male,61.214.163.165
741,Lenora,Twycross,ltwycrosskk@globo.com,Female,92.108.198.151
742,Sasha,Endean,sendeankl@moonfruit.com,Genderqueer,220.82.149.108
743,Kinna,Latek,klatekkm@ezinearticles.com,Female,6.66.61.124
744,Timmie,Checketts,tcheckettskn@e-recht24.de,Female,118.182.249.239
745,Marlowe,Bossel,mbosselko@businessinsider.com,Male,232.170.248.103
746,Valentino,Tallis,vtalliskp@tinyurl.com,Male,139.92.0.112
747,Elicia,Kleisel,ekleiselkq@google.com.au,Female,141.227.2.92
748,Janeczka,Trevillion,jtrevillionkr@lulu.com,Female,84.204.106.94
749,Erhart,Happel,ehappelks@unesco.org,Male,159.25.248.29
750,Aida,Sheldrick,asheldrickkt@vistaprint.com,Female,105.186.170.243
751,Vergil,D'Aeth,vdaethku@cisco.com,Male,171.243.141.123
752,Washington,Emms,wemmskv@loc.gov,Male,129.64.103.178
753,Beauregard,Doyland,bdoylandkw@scientificamerican.com,Male,15.60.144.102
754,Stephen,Reany,sreanykx@cpanel.net,Bigender,16.81.211.35
755,Aggy,Ryson,arysonky@xing.com,Female,5.102.134.70
756,Stewart,Lillywhite,slillywhitekz@myspace.com,Male,104.135.62.124
757,Cassie,Wolseley,cwolseleyl0@storify.com,Male,76.184.194.58
758,Glori,Laidel,glaidell1@ustream.tv,Female,125.178.183.49
759,Leon,Fitzpatrick,lfitzpatrickl2@domainmarket.com,Male,35.157.80.128
760,Kirstin,Barensen,kbarensenl3@cpanel.net,Female,244.231.7.10
761,Ange,Slorach,aslorachl4@forbes.com,Male,49.150.185.194
762,Maressa,Bergstram,mbergstraml5@yale.edu,Female,19.152.132.2
763,Roseanna,O'Suaird,rosuairdl6@angelfire.com,Female,228.145.22.40
764,Riccardo,Jeffes,rjeffesl7@google.de,Male,97.3.247.200
765,Yorgo,Robertz,yrobertzl8@dot.gov,Male,176.170.236.60
766,Abbi,Portriss,aportrissl9@mysql.com,Female,199.133.215.133
767,Eric,Landa,elandala@opensource.org,Male,22.85.216.138
768,Ola,O'Luney,ooluneylb@icio.us,Female,190.168.208.43
769,Margaretha,Goom,mgoomlc@thetimes.co.uk,Female,22.123.100.3
770,Brittne,Carrick,bcarrickld@cdc.gov,Bigender,8.226.255.169
771,Selestina,Benardette,sbenardettele@360.cn,Female,138.1.197.143
772,Gwenny,Patkin,gpatkinlf@lulu.com,Agender,134.9.111.189
773,Bettye,Strase,bstraselg@mit.edu,Female,196.123.227.200
774,Cherin,Irvine,cirvinelh@china.com.cn,Bigender,139.123.219.246
775,Frans,Rabbet,frabbetli@rediff.com,Genderqueer,220.31.201.197
776,Asia,Westoff,awestofflj@skype.com,Female,75.79.132.214
777,Niki,Maldin,nmaldinlk@over-blog.com,Male,150.10.138.139
778,Goldina,Nelthorpe,gnelthorpell@digg.com,Female,101.202.60.21
779,Shalne,Seville,ssevillelm@imageshack.us,Female,127.45.213.209
780,Hesther,Torrance,htorranceln@howstuffworks.com,Female,214.141.88.208
781,Micheil,Cockerham,mcockerhamlo@seesaa.net,Agender,162.93.172.237
782,Gwendolin,Coase,gcoaselp@amazon.co.jp,Female,112.192.62.220
783,Carlina,Bailes,cbaileslq@imdb.com,Female,33.23.168.72
784,Sula,Lacotte,slacottelr@abc.net.au,Female,176.248.135.247
785,Dun,Sellner,dsellnerls@cam.ac.uk,Male,35.25.19.236
786,Eulalie,Boyland,eboylandlt@shutterfly.com,Female,106.41.239.25
787,Mallory,Gratton,mgrattonlu@sciencedirect.com,Female,192.192.46.86
788,West,Brammer,wbrammerlv@sbwire.com,Male,82.34.165.57
789,Teri,Offner,toffnerlw@cloudflare.com,Female,145.85.155.220
790,Jenine,Dinneen,jdinneenlx@microsoft.com,Female,1.226.184.165
791,Austin,Edmeades,aedmeadesly@geocities.com,Female,75.236.26.178
792,Robinetta,Walsham,rwalshamlz@ebay.co.uk,Female,187.172.35.201
793,Piotr,Bode,pbodem0@dot.gov,Male,136.220.232.51
794,Aurelia,Sowley,asowleym1@jalbum.net,Female,123.71.33.110
795,Bernete,Sedgemond,bsedgemondm2@mashable.com,Female,248.131.7.206
796,Yehudi,Clawley,yclawleym3@cmu.edu,Male,211.218.149.226
797,Westley,McRitchie,wmcritchiem4@youku.com,Male,30.81.82.124
798,Brandon,Victory,bvictorym5@amazon.co.jp,Male,47.13.229.69
799,Jojo,Jorry,jjorrym6@tamu.edu,Female,111.195.135.191
800,Forster,Ricson,fricsonm7@tuttocitta.it,Male,71.100.67.142
801,Vittorio,Axelby,vaxelbym8@pcworld.com,Male,37.181.37.137
802,Raoul,Squire,rsquirem9@ucoz.com,Male,224.237.137.40
803,Ronnie,Revel,rrevelma@squarespace.com,Male,29.192.231.141
804,Theresita,Hurd,thurdmb@wikimedia.org,Female,3.226.193.30
805,Hank,GiacobbiniJacob,hgiacobbinijacobmc@state.tx.us,Male,116.157.22.90
806,Fee,Poli,fpolimd@de.vu,Non-binary,69.51.100.167
807,Dillon,Tolman,dtolmanme@ebay.com,Male,91.123.66.250
808,Granville,Hodjetts,ghodjettsmf@google.ru,Male,201.36.240.95
809,Esra,Mechan,emechanmg@ameblo.jp,Male,137.191.48.215
810,Pip,Eadmeades,peadmeadesmh@ifeng.com,Male,182.88.82.177
811,Juan,Line,jlinemi@opensource.org,Male,22.11.152.126
812,Laureen,Bertlin,lbertlinmj@alibaba.com,Female,60.156.29.57
813,Berk,Mosconi,bmosconimk@latimes.com,Genderfluid,70.202.53.110
814,Reube,Emmanueli,remmanueliml@last.fm,Male,156.19.135.117
815,Frank,Keningley,fkeningleymm@amazon.co.uk,Female,175.204.123.31
816,Helen,Mauvin,hmauvinmn@jigsy.com,Female,26.255.102.134
817,Selig,Ickowics,sickowicsmo@rakuten.co.jp,Male,58.73.227.13
818,Myriam,Philipard,mphilipardmp@umich.edu,Female,29.244.165.237
819,Romeo,Sottell,rsottellmq@tinyurl.com,Male,60.13.89.201
820,Eilis,Crosfield,ecrosfieldmr@wiley.com,Female,17.92.39.31
821,Ibrahim,Gallagher,igallagherms@addthis.com,Male,228.71.119.59
822,Bret,Klimkov,bklimkovmt@mail.ru,Polygender,230.159.110.230
823,Idalina,Falco,ifalcomu@tamu.edu,Female,74.155.159.117
824,Price,Place,pplacemv@desdev.cn,Male,37.5.143.47
825,Emalia,Chicchelli,echicchellimw@123-reg.co.uk,Female,152.112.167.98
826,Odey,Shoppee,oshoppeemx@blog.com,Male,80.197.183.135
827,Viola,Catto,vcattomy@msn.com,Female,201.200.109.60
828,Osbourne,Haveline,ohavelinemz@whitehouse.gov,Male,101.167.165.213
829,Raviv,Spowage,rspowagen0@home.pl,Male,99.43.217.123
830,Lorrie,Purslow,lpurslown1@mapquest.com,Male,6.144.15.195
831,Alexio,Rydings,arydingsn2@accuweather.com,Male,59.17.131.255
832,Leif,Leverton,llevertonn3@stanford.edu,Male,184.131.118.187
833,Anabal,Pidgin,apidginn4@storify.com,Female,244.207.138.211
834,Park,Hullins,phullinsn5@uol.com.br,Male,55.151.113.193
835,Henriette,Meininger,hmeiningern6@gmpg.org,Polygender,76.188.103.65
836,Giovanni,Eborall,geboralln7@dagondesign.com,Non-binary,175.208.140.213
837,Elias,Thonason,ethonasonn8@cam.ac.uk,Male,222.69.92.14
838,Raynard,Zettoi,rzettoin9@europa.eu,Male,173.144.91.220
839,Cyril,Friar,cfriarna@reuters.com,Male,166.11.105.89
840,Emmaline,Tear,etearnb@jiathis.com,Bigender,216.214.16.81
841,Vevay,Mott,vmottnc@jalbum.net,Female,189.215.1.5
842,Bettina,Breewood,bbreewoodnd@abc.net.au,Female,223.69.1.25
843,Kennith,Adderley,kadderleyne@quantcast.com,Male,81.98.145.85
844,Culley,Ber,cbernf@comsenz.com,Male,67.243.75.184
845,Margaretta,Caff,mcaffng@virginia.edu,Female,45.60.197.16
846,Teodoro,Waker,twakernh@networksolutions.com,Male,140.103.240.200
847,Lolita,Keary,lkearyni@imdb.com,Female,107.127.100.243
848,Gilberto,Rawles,grawlesnj@google.com.br,Male,68.197.23.53
849,Toby,Todd,ttoddnk@reuters.com,Female,101.76.213.124
850,Lilian,Layburn,llayburnnl@sbwire.com,Female,202.247.58.13
851,Phip,Guerrier,pguerriernm@naver.com,Male,192.192.93.252
852,Ike,Bartaloni,ibartaloninn@nsw.gov.au,Male,169.149.183.81
853,Evyn,Calvey,ecalveyno@facebook.com,Male,67.82.127.115
854,Gordie,Quare,gquarenp@altervista.org,Non-binary,246.133.39.92
855,Mahmud,Riddoch,mriddochnq@dropbox.com,Male,170.126.154.57
856,Reeta,Kopecka,rkopeckanr@hibu.com,Female,111.21.194.203
857,Ransom,Valsler,rvalslerns@google.pl,Male,138.142.182.137
858,Maryjo,Corby,mcorbynt@arstechnica.com,Female,67.78.119.58
859,Tamas,de Quesne,tdequesnenu@google.fr,Agender,166.79.159.5
860,Leland,Alloway,lallowaynv@delicious.com,Male,87.200.235.90
861,Orin,D'Antuoni,odantuoninw@dot.gov,Male,28.175.35.223
862,Warde,Postill,wpostillnx@gov.uk,Male,0.76.180.202
863,Giorgia,Edger,gedgerny@cnn.com,Female,53.123.226.72
864,Dagny,Mellsop,dmellsopnz@usa.gov,Genderqueer,188.6.7.66
865,Milt,Arnaudon,marnaudono0@google.nl,Male,94.51.244.249
866,Kerwin,Crebbin,kcrebbino1@ning.com,Male,30.213.57.30
867,Cathryn,Bernardeau,cbernardeauo2@latimes.com,Genderfluid,122.206.155.179
868,Ettie,Girardy,egirardyo3@pen.io,Female,71.82.62.251
869,Ardyce,Woolis,awooliso4@istockphoto.com,Female,131.108.144.244
870,Winonah,Gunston,wgunstono5@twitter.com,Female,174.217.128.195
871,Kellina,Boards,kboardso6@sbwire.com,Female,40.125.90.47
872,Nicolina,Breward,nbrewardo7@123-reg.co.uk,Female,235.183.195.208
873,Magda,Dearl,mdearlo8@photobucket.com,Female,56.192.205.218
874,Keri,Sowersby,ksowersbyo9@time.com,Female,127.126.138.206
875,Van,Cramp,vcrampoa@eepurl.com,Female,193.43.108.183
876,Marna,Jeannel,mjeannelob@usatoday.com,Female,180.150.225.204
877,Harmonie,Yarr,hyarroc@ed.gov,Female,58.132.71.67
878,Karol,Olivie,kolivieod@addtoany.com,Female,162.76.26.30
879,Andrea,Benford,abenfordoe@dailymail.co.uk,Female,81.173.139.153
880,Wolfie,Grenshiels,wgrenshielsof@unesco.org,Male,197.238.202.246
881,Kassie,Lecount,klecountog@businessinsider.com,Female,219.69.127.212
882,Cindi,McNeillie,cmcneillieoh@alexa.com,Female,108.170.180.176
883,Kacy,Yarnley,kyarnleyoi@oaic.gov.au,Female,57.121.100.104
884,Myrta,Bangiard,mbangiardoj@sogou.com,Female,115.190.198.142
885,Ronica,Eminson,reminsonok@sourceforge.net,Agender,175.196.161.236
886,Kellia,Battisson,kbattissonol@dailymotion.com,Female,67.50.251.170
887,Christi,Paquet,cpaquetom@amazonaws.com,Female,202.103.9.193
888,Langston,Phonix,lphonixon@dedecms.com,Male,121.74.157.78
889,Tommy,Wrightem,twrightemoo@hhs.gov,Female,214.183.124.168
890,Aliza,Whitfeld,awhitfeldop@shop-pro.jp,Female,2.34.12.159
891,Ursola,Camamill,ucamamilloq@sciencedaily.com,Female,107.124.0.45
892,Claybourne,McArdle,cmcardleor@123-reg.co.uk,Male,155.157.167.212
893,Danica,Worgen,dworgenos@google.com.hk,Female,57.6.44.64
894,Cori,Seekings,cseekingsot@multiply.com,Polygender,45.83.29.203
895,Valene,Royans,vroyansou@shinystat.com,Female,37.185.214.11
896,Noel,McCloughen,nmccloughenov@icio.us,Female,42.66.65.40
897,Rowe,O'Corrane,rocorraneow@microsoft.com,Female,225.77.112.217
898,Meredeth,Ellerton,mellertonox@webeden.co.uk,Male,109.236.154.90
899,Melinde,Perrigo,mperrigooy@un.org,Female,248.200.64.21
900,Anallise,Ginnell,aginnelloz@studiopress.com,Female,174.48.9.65
901,Chloette,Nicholes,cnicholesp0@1und1.de,Female,208.116.230.6
902,Sigmund,Chasle,schaslep1@booking.com,Male,235.164.45.195
903,Joann,Stannus,jstannusp2@sohu.com,Female,95.221.59.80
904,Daniele,Brazelton,dbrazeltonp3@zdnet.com,Female,255.71.62.45
905,Mathilde,Chippendale,mchippendalep4@marketwatch.com,Female,138.97.45.246
906,Myrlene,Demchen,mdemchenp5@usgs.gov,Female,78.187.200.144
907,Owen,Spyvye,ospyvyep6@aboutads.info,Male,146.109.68.32
908,Stevie,Portt,sporttp7@scientificamerican.com,Male,248.228.168.40
909,Colet,Starr,cstarrp8@gnu.org,Agender,156.15.56.4
910,Avictor,McMeanma,amcmeanmap9@abc.net.au,Male,224.11.162.190
911,Efren,Moar,emoarpa@seesaa.net,Male,118.54.133.223
912,Carlotta,Yea,cyeapb@fema.gov,Female,170.107.176.147
913,Lorinda,Ratlee,lratleepc@nps.gov,Female,72.115.8.168
914,Gaynor,Endricci,gendriccipd@cargocollective.com,Female,213.78.239.3
915,Penny,Baldazzi,pbaldazzipe@xinhuanet.com,Male,104.146.207.45
916,Elenore,Marton,emartonpf@storify.com,Female,211.139.1.19
917,Ivonne,Brecon,ibreconpg@scientificamerican.com,Female,126.38.199.228
918,Consuelo,O'Griffin,cogriffinph@slate.com,Genderqueer,25.50.199.175
919,Garold,Lube,glubepi@4shared.com,Male,44.33.74.157
920,Henriette,Schule,hschulepj@soup.io,Female,186.116.147.23
921,Addy,Rutledge,arutledgepk@irs.gov,Female,215.213.96.133
922,Kristopher,Vonderdell,kvonderdellpl@examiner.com,Male,252.238.127.183
923,Giuseppe,Penson,gpensonpm@theguardian.com,Male,154.160.54.172
924,Farand,Veschi,fveschipn@rediff.com,Female,119.234.176.51
925,Inglebert,Ribey,iribeypo@etsy.com,Non-binary,73.105.205.111
926,Stormy,Lamers,slamerspp@admin.ch,Female,73.125.232.81
927,Mabel,Gleeton,mgleetonpq@phoca.cz,Female,20.24.140.69
928,Jillian,Ephgrave,jephgravepr@over-blog.com,Female,107.39.174.225
929,Neala,Bonass,nbonassps@admin.ch,Female,70.68.146.15
930,Bealle,Burgoin,bburgoinpt@jugem.jp,Male,4.11.138.63
931,Eve,Diboll,edibollpu@printfriendly.com,Female,90.154.72.161
932,Nari,Liven,nlivenpv@hud.gov,Female,100.29.154.209
933,Honoria,Victor,hvictorpw@bloomberg.com,Female,31.21.89.153
934,Walsh,Pickaver,wpickaverpx@bravesites.com,Agender,77.144.137.40
935,Izaak,Antal,iantalpy@tiny.cc,Male,57.18.61.47
936,Rustin,Kennard,rkennardpz@mysql.com,Male,119.167.236.168
937,Mariann,Scarlan,mscarlanq0@ox.ac.uk,Female,245.32.138.238
938,Kakalina,Yanin,kyaninq1@furl.net,Female,48.71.182.209
939,Justina,Jenman,jjenmanq2@printfriendly.com,Female,166.124.143.172
940,Gaelan,de Verson,gdeversonq3@myspace.com,Male,181.170.158.68
941,Micah,Venditto,mvendittoq4@theguardian.com,Male,99.140.192.1
942,Sherlocke,Vanyashkin,svanyashkinq5@cbslocal.com,Male,120.211.82.247
943,Carny,Osorio,cosorioq6@shinystat.com,Male,178.178.49.141
944,Ophelie,Alberti,oalbertiq7@sina.com.cn,Female,50.188.189.80
945,Trula,Frankcom,tfrankcomq8@wordpress.com,Female,67.56.2.252
946,Reilly,Copcott,rcopcottq9@miitbeian.gov.cn,Male,37.31.40.122
947,Genny,Mewrcik,gmewrcikqa@uol.com.br,Female,49.98.140.227
948,Aarika,Jonin,ajoninqb@latimes.com,Female,4.35.19.165
949,Junie,Danneil,jdanneilqc@forbes.com,Female,75.229.116.115
950,Teressa,Fanstone,tfanstoneqd@google.fr,Genderfluid,58.120.225.52
951,Phaedra,Farenden,pfarendenqe@vimeo.com,Female,163.136.144.2
952,Haskell,McNee,hmcneeqf@fotki.com,Male,203.223.149.223
953,Torey,Bayman,tbaymanqg@tripadvisor.com,Male,217.196.167.230
954,Gar,MacVagh,gmacvaghqh@va.gov,Male,24.27.64.45
955,Matteo,Waterstone,mwaterstoneqi@berkeley.edu,Male,177.204.162.208
956,Chaddy,Kempster,ckempsterqj@cloudflare.com,Male,125.53.30.84
957,Melany,Muat,mmuatqk@census.gov,Female,176.184.222.57
958,Welby,Turbill,wturbillql@ed.gov,Non-binary,138.157.0.11
959,Darrick,Priddie,dpriddieqm@spiegel.de,Male,253.106.233.147
960,Verge,Jessop,vjessopqn@noaa.gov,Male,94.231.187.109
961,Zorah,Rossbrooke,zrossbrookeqo@angelfire.com,Female,225.225.202.57
962,Emyle,Gundrey,egundreyqp@1688.com,Female,167.9.137.113
963,Ilyssa,Plumbe,iplumbeqq@bbb.org,Non-binary,167.37.222.28
964,Brion,Asaaf,basaafqr@mapquest.com,Genderfluid,207.70.192.185
965,Kelcey,Meriel,kmerielqs@csmonitor.com,Female,48.148.174.34
966,Tadd,Granham,tgranhamqt@hexun.com,Male,3.111.248.126
967,Rees,Pack,rpackqu@cam.ac.uk,Male,197.75.108.249
968,Franzen,Gladstone,fgladstoneqv@gov.uk,Male,160.18.141.252
969,Dario,Chaudhry,dchaudhryqw@joomla.org,Polygender,25.162.183.123
970,Joanne,Rubenovic,jrubenovicqx@blog.com,Female,196.80.93.57
971,Laura,Follis,lfollisqy@booking.com,Female,117.219.186.142
972,Carol,Vassano,cvassanoqz@opensource.org,Female,76.36.205.69
973,Angeline,Adanet,aadanetr0@delicious.com,Female,100.31.178.210
974,Lesley,Mion,lmionr1@freewebs.com,Male,83.62.213.19
975,Fionnula,Longridge,flongridger2@wikipedia.org,Female,88.173.255.176
976,Hillary,Bissett,hbissettr3@bravesites.com,Male,208.119.218.108
977,Darrell,Erdis,derdisr4@angelfire.com,Male,97.144.89.85
978,Murray,Pinks,mpinksr5@mashable.com,Male,184.129.139.38
979,Giovanna,McOwan,gmcowanr6@house.gov,Female,34.62.53.195
980,Doloritas,Excell,dexcellr7@sbwire.com,Female,58.6.194.112
981,Florian,Suatt,fsuattr8@google.es,Male,116.112.166.116
982,Kaspar,Blunden,kblundenr9@bizjournals.com,Male,105.130.141.78
983,Chevy,Merrydew,cmerrydewra@yandex.ru,Male,107.116.112.142
984,Marven,Padefield,mpadefieldrb@dion.ne.jp,Male,12.224.162.172
985,Wyatt,Shotboult,wshotboultrc@livejournal.com,Male,203.108.193.244
986,Jake,Mc Pake,jmcpakerd@cargocollective.com,Male,120.186.85.226
987,Bryanty,Pratt,bprattre@dailymail.co.uk,Male,63.10.188.174
988,Errick,Sails,esailsrf@boston.com,Male,115.203.194.211
989,Lazarus,Aberchirder,laberchirderrg@myspace.com,Male,42.94.78.224
990,Ives,Zoane,izoanerh@japanpost.jp,Genderqueer,169.88.58.248
991,Wanda,MacTrustie,wmactrustieri@usa.gov,Agender,160.111.121.186
992,Lorettalorna,Sauvan,lsauvanrj@icio.us,Female,223.36.253.170
993,Gill,Brewse,gbrewserk@miitbeian.gov.cn,Male,108.107.19.236
994,Lorain,Muirden,lmuirdenrl@intel.com,Female,7.84.252.143
995,Wernher,Alway,walwayrm@phpbb.com,Genderfluid,19.232.131.233
996,Elliot,Milsted,emilstedrn@joomla.org,Male,89.85.155.138
997,Filippo,Colnet,fcolnetro@xing.com,Male,26.36.173.34
998,Haskel,Vasyutichev,hvasyutichevrp@unesco.org,Male,93.40.34.194
999,Wilie,MacGilrewy,wmacgilrewyrq@dot.gov,Female,248.234.224.111
1000,Danielle,Stanistrete,dstanistreterr@diigo.com,Female,112.114.29.0
